Specified Values,Specified Attribute Names,above_77k,Fitness,Accuracy,Numerosity,Avg Match Set Size,TimeStamp GA,Iteration Initialized,Specificity,Deletion Probability,Correct Count,Match Count
"3.0, [36.726322381340566,140.23609782416264], [0.41560442641878603,1.7249106703876937], [398.62800000000004,1045.5720000000001], [516.175275661315,891.215275661315], [0.7167564743981675,1.4288227432909726], [18.562554713769295,65.9175547137693], [-1262.1059420214197,15453.43659797858], [0.7632135208142434,1.3299595268037765], [265.62867000000006,10656.37133], [-2876.25926157965,10359.89513842035], [502.4006201561101,4148.687950156111], [-964.1289141342677,6219.414169273988], [44.79266666666699,168.14066666666702], [55.040253012047984,220.58625301204802], [1.734073503333292,177.0180735033333], [59.64703968811699,182.995039688117], [0.0016564604509488046,1.2414522813188973], [2.8027499999999996,28.99725], [-14.9715504850264,36.3696695149736], [-0.08148267299576495,1.176475957303259], [4.103060583611416,25.808863157334585], [7.618455400000002,94.0615446], [-79.4030169851406,193.2423744148594], [-59.79466550752816,71.80880860274078], [4.251244979919679,7.37124497991968], [3.1422031559045998,6.3822031559046], [4.5139538614309895,6.97395386143099], [0.6479471349491446,1.4618932010231354], [0.35554999097091194,1.2524297573239802], [0.47194338554216975,5.5762493855421695], [0.2784480782014881,1.178448078201488]","number_of_elements, wtd_gmean_atomic_mass, entropy_atomic_mass, mean_fie, gmean_fie, entropy_fie, std_atomic_radius, wtd_mean_Density, entropy_Density, range_Density, wtd_range_Density, std_Density, wtd_std_Density, mean_ElectronAffinity, wtd_mean_ElectronAffinity, gmean_ElectronAffinity, wtd_gmean_ElectronAffinity, wtd_entropy_ElectronAffinity, mean_FusionHeat, gmean_FusionHeat, wtd_entropy_FusionHeat, wtd_std_FusionHeat, mean_ThermalConductivity, wtd_mean_ThermalConductivity, wtd_gmean_ThermalConductivity, wtd_mean_Valence, gmean_Valence, wtd_gmean_Valence, entropy_Valence, wtd_entropy_Valence, wtd_range_Valence, wtd_std_Valence",0.0,1.0,1.0,1,1.25,52,4,0.3950617283950617,,4,4
"[40.339916,125.196464], [54.41538857999999,121.25918142], [0.0004420667560822711,1.0187078196225898], [-10.919489000000002,51.472249000000005], [-7.070839350000014,110.11540935000001], [461.70217773588803,958.6301777358881], [0.23266060315518572,0.9461566917059103], [94.88463768115906,520.515362318841], [-134.18026147906414,230.58026147906418], [-30.1319213276563,113.6167702524761], [102.75,220.25], [45.200696818301196,189.2993031816988], [-1.0375000000000014,74.0375], [3203.157902948974,12012.990267556484], [-1272.081115,4519.081115], [26.146,181.954], [-12.916000000000011,204.56600000000003], [-7.622577000316014,213.10542299968404], [0.027789772254748768,1.2173236003848071], [-61.330000000000005,127.13], [-35.501395,106.65139500000001], [-23.79595100209945,52.28818678660745], [15.048119881436197,43.338179881436204], [0.39451315195206527,0.9844921251507448], [0.063271467422637,1.129041973648199], [-21.732750000000003,46.03275], [-14.539549999999998,19.53955], [-8.429435365808544,12.759562384730742], [-62.69043119999999,176.69043119999998], [-41.614686533533764,155.45668229959537], [-61.121811880756916,172.0043422574337], [0.37313594774388775,1.0103870499609482], [-114.39276760000001,126.39276760000001], [-30.701600000000006,81.70160000000001], [-34.72950288120078,39.925655303907426], [3.88,5.62], [2.5821359549995795,6.36213595499958], [0.2677689999999999,5.2322310000000005], [-0.385,1.385]","mean_atomic_mass, wtd_mean_atomic_mass, wtd_entropy_atomic_mass, range_atomic_mass, wtd_range_atomic_mass, gmean_fie, wtd_entropy_fie, wtd_range_fie, std_fie, wtd_std_fie, mean_atomic_radius, wtd_range_atomic_radius, std_atomic_radius, wtd_gmean_Density, std_Density, mean_ElectronAffinity, wtd_mean_ElectronAffinity, gmean_ElectronAffinity, wtd_entropy_ElectronAffinity, range_ElectronAffinity, wtd_range_ElectronAffinity, wtd_std_ElectronAffinity, gmean_FusionHeat, entropy_FusionHeat, wtd_entropy_FusionHeat, wtd_range_FusionHeat, std_FusionHeat, wtd_std_FusionHeat, mean_ThermalConductivity, gmean_ThermalConductivity, wtd_gmean_ThermalConductivity, entropy_ThermalConductivity, range_ThermalConductivity, wtd_range_ThermalConductivity, wtd_std_ThermalConductivity, wtd_mean_Valence, gmean_Valence, wtd_range_Valence, std_Valence",0.0,1.0,1.0,1,1.0,30,0,0.4814814814814814,,3,3
"[-5.364194348902501,139.23428269955173], [-12.377539550836083,84.92164936541667], [0.7039523034309887,2.1918003079411115], [62.51651199999999,187.29998799999998], [36.8496849904717,72.2065799904717], [735.20974120083,1279.82597308489], [666.6553178417294,1199.8276113557126], [0.813348001758109,1.8059252250632312], [532.1225,1040.8775], [219.11827821440602,418.98705791749], [232.20379747824435,486.1598192698116], [90.1,205.1], [47.385714285714,187.38571428571402], [93.542493259005,173.542493259005], [0.610624667066475,1.562498761237665], [122.2,275.8], [0.44435442900578387,1.227927790142574], [5796.17106,12120.97094], [-113.90035005591471,7590.1893335993145], [4.530428571428985,222.012428571429], [-3.9721094937790014,168.06589050622102], [-14.531679260689998,222.42632073931], [0.42894182792769187,1.2163797141546322], [-6.596473155863968,87.88281887271856], [13.600983470939688,66.0145006142711], [-11.905650000000003,24.766650000000006], [-32.73258571428572,40.612014285714295], [-20.423503551397992,22.53547644860201], [0.48898236118236793,1.362564743334468], [-26.41375,52.16975], [-21.86167857142857,25.36882142857143], [-8.58124176301121,17.752608236988788], [-12.078807385322104,21.513506121630424], [-125.34930393099312,126.57734650866452], [-87.39073142857139,201.6460685714286], [113.912586016895,225.705384016895], [1.2899999999999998,4.71], [0.976237399112106,1.6830852985974138], [0.4301935792534356,1.7365184563329046], [-0.0414920970947491,1.8485079029052511]","gmean_atomic_mass, wtd_gmean_atomic_mass, entropy_atomic_mass, range_atomic_mass, wtd_std_atomic_mass, wtd_mean_fie, wtd_gmean_fie, entropy_fie, range_fie, std_fie, wtd_std_fie, mean_atomic_radius, wtd_mean_atomic_radius, gmean_atomic_radius, wtd_entropy_atomic_radius, range_atomic_radius, wtd_entropy_Density, range_Density, wtd_std_Density, wtd_mean_ElectronAffinity, gmean_ElectronAffinity, wtd_gmean_ElectronAffinity, wtd_entropy_ElectronAffinity, std_ElectronAffinity, wtd_std_ElectronAffinity, mean_FusionHeat, wtd_mean_FusionHeat, wtd_gmean_FusionHeat, wtd_entropy_FusionHeat, range_FusionHeat, wtd_range_FusionHeat, std_FusionHeat, wtd_std_FusionHeat, wtd_gmean_ThermalConductivity, wtd_range_ThermalConductivity, std_ThermalConductivity, mean_Valence, entropy_Valence, wtd_entropy_Valence, wtd_std_Valence",0.0,1.0,1.0,1,7.333333333333333,95,76,0.4938271604938271,,3,3
"[22.31113033333331,171.82028633333329], [-15.771693792826902,109.8136139671731], [18.846656358084097,134.93275765050512], [-33.39168585237162,99.10082671444063], [0.8757847463278687,2.3636327508379913], [-59.831703301245334,75.85763729875467], [12.4220718233999,67.9829068233999], [871.1322911816162,1172.6162766888638], [468.21747668164704,965.1454766816471], [816.1938437439856,1101.8218581264764], [1.3701958019517253,2.1038398365685547], [0.5315213709859663,1.3877166772468357], [185.79036822817594,487.66262054645404], [28.580635118306006,186.08063511830602], [55.914844518031,243.414844518031], [27.3218151656012,88.53681516560121], [1196.4906633333303,13394.31900333333], [-5175.61476353051,10862.27064646949], [-4209.74878105126,7536.308138948741], [-4578.372092801428,4683.2465469141625], [1.034126566480411,1.6985874010888289], [17630.28535,24406.85665], [5100.89202957555,8425.448124575549], [7.695999999999998,114.81400000000001], [1.1423486171930808,1.7080227961091992], [0.19023643687518788,1.31275427468806], [2.5028066264010107,157.77739262640097], [16.75798718991185,86.80297955592994], [-20.0869566666667,43.8276233333333], [-22.782580210896175,34.84531978910383], [-15.047992378187901,17.433187621812102], [0.812162271060868,2.0328084225064122], [0.8232312598262069,2.098661537768273], [12.346289999999996,53.20971], [-125.13109170411008,126.79555873554756], [0.11492166211293597,0.695597526852372], [243.03284794999996,556.9139920499999], [-23.853044009962616,160.8093559900374], [102.96777130422501,180.362785304225], [1.2259526774595302,3.26595267745953], [1.0434994854780886,2.2858382179068113], [0.9650372847081392,1.9594039821865408], 5.0, [-0.5189813848069702,2.5575866151930304]","mean_atomic_mass, wtd_mean_atomic_mass, gmean_atomic_mass, wtd_gmean_atomic_mass, entropy_atomic_mass, wtd_range_atomic_mass, wtd_std_atomic_mass, wtd_mean_fie, gmean_fie, wtd_gmean_fie, entropy_fie, wtd_entropy_fie, wtd_std_fie, wtd_mean_atomic_radius, gmean_atomic_radius, std_atomic_radius, mean_Density, wtd_mean_Density, gmean_Density, wtd_gmean_Density, entropy_Density, range_Density, std_Density, mean_ElectronAffinity, entropy_ElectronAffinity, wtd_entropy_ElectronAffinity, wtd_range_ElectronAffinity, std_ElectronAffinity, mean_FusionHeat, gmean_FusionHeat, wtd_gmean_FusionHeat, entropy_FusionHeat, wtd_entropy_FusionHeat, range_FusionHeat, wtd_gmean_ThermalConductivity, wtd_entropy_ThermalConductivity, range_ThermalConductivity, wtd_range_ThermalConductivity, std_ThermalConductivity, wtd_mean_Valence, entropy_Valence, wtd_entropy_Valence, range_Valence, wtd_range_Valence",0.0,1.0,1.0,1,1.0,46,12,0.5432098765432098,,2,2
"[74.724738,131.29577], [41.61011198,189.47668402], [0.7221843284267718,2.051328545789148], [0.5197701982737241,1.753438321938916], [149.3067834,236.6552166], [8.400442316666684,125.5866910166667], [39.89122969916539,92.4214736991654], [38.15565142713919,106.8490474271392], [433.99278985507124,1085.5872101449286], [545.01399924245,910.67799924245], [424.7678793391715,1024.5867095424026], [1.1385733648019063,1.9585284623148336], [1.0919773087592868,1.8666302049000734], [203.36185541889643,363.2568791813636], [86.6880053841881,431.68486517650587], [108.75,191.25], [63.73333333333299,238.733333333333], [58.562580313073,208.562580313073], [0.7054621510485634,2.076160846655077], [137.72,204.28], [15.576170128845582,85.22382987115441], [-2462.7203116416804,4765.62240835832], [-3571.7130820588627,6593.478107872883], [0.667356658506806,1.918106464828534], [0.5273604072477173,1.7027204489529026], [-217.5329666666703,6737.05663333333], [395.0793249849403,7044.19151498494], [2341.155852943345,5464.435454425195], [10.813999999999993,153.638], [-64.91377422048501,175.290225779515], [-43.37315407496631,141.6488459250337], [6.840000000000003,265.1], [-48.47862633333328,106.79595966666669], [-8.536190000000001,23.94499], [-10.97693,27.79093], [-13.440097843151962,22.184422156848044], [0.587827048876656,1.8807289744617641], [-27.719541666666668,34.912208333333325], [-11.609448063422363,19.915646150794622], [-95.0328210281068,111.57425920017376], [-90.56135473394532,108.72390606160475], [0.05192300852886522,0.9179309166699988], [123.659790549613,186.005774049613], [87.34920570002922,200.3984452374788], [1.3599999999999999,4.24], [1.70517108469735,3.50517108469735], [0.7111623326612491,1.881005506165251], [0.25119037896905994,2.08119037896906]","mean_atomic_mass, wtd_mean_atomic_mass, entropy_atomic_mass, wtd_entropy_atomic_mass, range_atomic_mass, wtd_range_atomic_mass, std_atomic_mass, wtd_std_atomic_mass, wtd_mean_fie, gmean_fie, wtd_gmean_fie, entropy_fie, wtd_entropy_fie, std_fie, wtd_std_fie, mean_atomic_radius, wtd_mean_atomic_radius, gmean_atomic_radius, wtd_entropy_atomic_radius, range_atomic_radius, wtd_range_atomic_radius, gmean_Density, wtd_gmean_Density, entropy_Density, wtd_entropy_Density, wtd_range_Density, std_Density, wtd_std_Density, mean_ElectronAffinity, gmean_ElectronAffinity, wtd_gmean_ElectronAffinity, range_ElectronAffinity, wtd_range_ElectronAffinity, mean_FusionHeat, wtd_mean_FusionHeat, gmean_FusionHeat, wtd_entropy_FusionHeat, wtd_range_FusionHeat, wtd_std_FusionHeat, gmean_ThermalConductivity, wtd_gmean_ThermalConductivity, entropy_ThermalConductivity, std_ThermalConductivity, wtd_std_ThermalConductivity, mean_Valence, gmean_Valence, wtd_entropy_Valence, std_Valence",0.0,1.0,1.0,1,1.5,71,13,0.5925925925925926,,2,2
"5.0, [68.33778199999999,137.031178], [30.04817115628589,123.73169149753792], [0.745410449703756,2.0547166936726637], [0.942950435487194,1.7262317838460461], [648.696,1051.864], [650.4793164903975,1370.1507657657626], [509.942418352743,1100.630418352743], [629.9271236543627,1248.7878214830932], [0.6951699915966392,1.3271236700272808], [419.14891108499717,932.4094907951429], [64.24113119768,219.24113119768], [0.7216535710500045,1.9781273753559754], [-21.773977506471148,129.52955917509635], [56.557752882900424,114.84217940491399], [-1213.6283250000006,15727.799925], [-353.7952032491203,7100.43322675088], [2286.6601035147505,7434.35986351475], [2203.75612169075,6784.566203864129], [8.87599999999999,132.224], [-24.573210340775603,215.6307896592244], [-32.20347426584671,94.3905257341533], [0.8397678109950031,1.599892488913537], [11.870000000000005,270.13], [0.6869269119116969,1.419314602779023], [-0.8288183782676004,26.537731621732398], [-5.278641784054859,19.52798972877162], [-51.7745036795535,163.9002089204465], [0.26966412152833497,0.914859526794375], [238.73310624999996,561.21373375], [-27.276961198589902,121.2558388014101], [86.61007869338701,217.751630193387], [1.5099999999999998,4.09], [1.01560123107952,3.11560123107952], 4.0, [-1.4237597250293774,3.1910922749706234], [0.8800000000000001,2.3200000000000003]","number_of_elements, mean_atomic_mass, gmean_atomic_mass, entropy_atomic_mass, wtd_entropy_atomic_mass, mean_fie, wtd_mean_fie, gmean_fie, wtd_gmean_fie, wtd_entropy_fie, wtd_range_fie, gmean_atomic_radius, wtd_entropy_atomic_radius, wtd_range_atomic_radius, wtd_std_atomic_radius, mean_Density, wtd_mean_Density, std_Density, wtd_std_Density, mean_ElectronAffinity, wtd_mean_ElectronAffinity, gmean_ElectronAffinity, entropy_ElectronAffinity, range_ElectronAffinity, entropy_FusionHeat, std_FusionHeat, wtd_std_FusionHeat, wtd_mean_ThermalConductivity, wtd_entropy_ThermalConductivity, range_ThermalConductivity, wtd_range_ThermalConductivity, std_ThermalConductivity, mean_Valence, wtd_gmean_Valence, range_Valence, wtd_range_Valence, std_Valence",0.0,1.0,1.0,1,1.0,15,15,0.4567901234567901,,2,2
"6.0, [-10.802224419675397,137.86944916535498], [-16.2077859808046,93.5125759885868], [0.9747764316989361,1.9930421845654438], [150.6459703,231.75522970000003], [520.116666666667,988.916666666667], [579.367341366741,860.647341366741], [811.3403595943989,1058.8846387258911], [1.4055580166198918,2.074468754064648], [151.57689129910537,366.4358294799207], [120.75,203.25], [65.92127343329199,225.921273433292], [52.963617062895494,127.9636170628955], [1.306846003096636,2.120791071122944], [45.89447592428034,87.66498159839007], [1211.4001399999997,8439.74286], [-2113.8873550000003,9406.283855], [0.8464919617712839,1.9408980423027962], [4900.828264999999,17776.313735], [3124.0264181206726,5726.759419355547], [17.731631249999992,183.27763125], [-80.64896000687031,136.83303999312972], [-8.9409926075637,146.86700739243628], [0.8044821589386277,1.8297666082240922], [9.553381926559268,99.14581402262893], [12.991778448201217,95.83895070701539], [-8.8041275,18.4381525], [-10.490991147195839,19.89462885280416], [-35.80356204056101,38.58881795943899], [0.8237458079205678,1.9069879617891718], [-11.515875000000001,16.206375], [-7.630537074569199,16.1215629254308], [-8.510735399999987,237.5195954], [-66.15011903461874,69.21345433594357], [0.024221931804289,1.2178334315464632], [0.7203099999999978,149.25311], [104.02801065492599,183.57288615492598], [1.18,3.8200000000000003], [0.967154134673924,2.530787366868696], 2.0, [-0.22623738417402695,1.753762615825973], [0.19578397759565103,1.155783977595651]","number_of_elements, gmean_atomic_mass, wtd_gmean_atomic_mass, wtd_entropy_atomic_mass, range_atomic_mass, mean_fie, gmean_fie, wtd_gmean_fie, entropy_fie, std_fie, mean_atomic_radius, gmean_atomic_radius, wtd_gmean_atomic_radius, entropy_atomic_radius, wtd_std_atomic_radius, mean_Density, wtd_mean_Density, entropy_Density, range_Density, wtd_std_Density, wtd_mean_ElectronAffinity, gmean_ElectronAffinity, wtd_gmean_ElectronAffinity, entropy_ElectronAffinity, std_ElectronAffinity, wtd_std_ElectronAffinity, wtd_mean_FusionHeat, gmean_FusionHeat, wtd_gmean_FusionHeat, wtd_entropy_FusionHeat, wtd_range_FusionHeat, std_FusionHeat, mean_ThermalConductivity, wtd_gmean_ThermalConductivity, wtd_entropy_ThermalConductivity, wtd_range_ThermalConductivity, std_ThermalConductivity, mean_Valence, entropy_Valence, range_Valence, std_Valence, wtd_std_Valence",1.0,1.0,1.0,1,1.5,93,17,0.5185185185185185,,2,2
"[50.440591749999996,113.07280575], [3.9367122999999964,155.8544233], [0.975350329873119,1.6498414252510412], [0.6279429339416778,1.744118855353042], [53.4057179,109.5582821], [-6.311022950000002,61.53364735], [505.4092391304338,1059.7507608695664], [423.214139987131,1023.278139987131], [525.3150146391246,1001.3617052766095], [143.66499999999996,743.735], [17.01188077108705,309.3008869840229], [136.25,201.25], [73.44,243.44], [97.96428678105701,225.464286781057], [-15.965194583223905,116.1251945832239], [13.214207085245299,89.4442070852453], [0.6970226537178276,1.9673154257633327], [-5148.974400000001,10106.2544], [-1198.1658592958502,5343.70258570415], [2.139499999999991,86.53550000000001], [-39.08300000000001,126.46300000000001], [-77.72853390429611,146.24546609570393], [-59.75486193784611,125.26713806215392], [1.5940848330289015,55.3495440906707], [-10.7515670493614,40.5896529506386], [-2.403179918986403,35.3169000810136], [0.6933677050632443,1.8936697539846958], [0.57854180912513,1.399709248348104], [-29.680190499999995,153.18019049999998], [-25.346684000000003,137.426684], [-18.290789578709138,121.56631088351153], [-33.31520973834594,132.12915771456355], [-85.55600000000001,135.23600000000002], [-49.74607145810931,111.49354104189071], [1.67,5.33], [1.80975091964687,4.80975091964687], 3.0, [-0.6072700000000004,4.28727], [0.32303398874989,1.91303398874989]","mean_atomic_mass, wtd_mean_atomic_mass, entropy_atomic_mass, wtd_entropy_atomic_mass, range_atomic_mass, wtd_range_atomic_mass, wtd_mean_fie, gmean_fie, wtd_gmean_fie, range_fie, wtd_std_fie, mean_atomic_radius, wtd_mean_atomic_radius, gmean_atomic_radius, wtd_range_atomic_radius, std_atomic_radius, entropy_Density, wtd_range_Density, std_Density, mean_ElectronAffinity, wtd_mean_ElectronAffinity, gmean_ElectronAffinity, wtd_gmean_ElectronAffinity, std_ElectronAffinity, gmean_FusionHeat, wtd_gmean_FusionHeat, entropy_FusionHeat, wtd_entropy_FusionHeat, mean_ThermalConductivity, wtd_mean_ThermalConductivity, gmean_ThermalConductivity, wtd_gmean_ThermalConductivity, wtd_range_ThermalConductivity, std_ThermalConductivity, mean_Valence, gmean_Valence, range_Valence, wtd_range_Valence, std_Valence",0.0,1.0,1.0,1,1.0,64,22,0.4814814814814814,,2,2
"7.0, [26.779396692307696,77.4186336923077], [8.885539364316443,141.26442680304217], [-38.164634250422154,106.74905136952876], [1.3253101499481224,2.0791531388999176], [124.64941280000001,257.7517872], [715.4308723522813,1289.2229738015587], [662.2437376618018,1214.4578988012843], [392.3175,1135.8825000000002], [70.426923076923,147.926923076923], [7.7766065570088045,167.7766065570088], [107.0,235.0], [-32.05647060013361,88.0257013693644], [30.556123525994096,76.7561235259941], [-1851.052854285711,13509.17542571429], [-5818.24038244545,9090.21647755455], [1.1126643717448634,2.0702696922099366], [0.9707333274909031,1.9076145201544568], [9024.999625,14672.142375], [1696.1151006996497,7272.78984069965], [1.286999999999999,101.91300000000001], [-50.99688630877732,172.9771136912227], [0.4840245776206349,0.9363825122616432], [3.8210266243952162,99.92927196381538], [-16.399050000000003,30.75105], [-15.46320461538462,24.352435384615383], [1.219778411841031,1.726456193489249], [-19.07929,44.83529], [-23.25952884615385,27.05122115384615], [-14.97234834285699,224.408514057143], [-59.88156374615379,220.90249605384616], [0.40922626912184895,1.247980295967701], [337.62716535,462.31967464999997], [-87.00865076923081,210.0569492307692], [0.19230769230768985,4.09230769230769], [0.8893969867312299,4.06939698673123], [0.69921927601608,3.5192192760160803], [1.1653251581985593,1.8672310623009607], [-0.23156864091531593,1.688431359084684], [-0.1539290527944821,1.046070947205518]","number_of_elements, wtd_mean_atomic_mass, gmean_atomic_mass, wtd_gmean_atomic_mass, entropy_atomic_mass, range_atomic_mass, wtd_mean_fie, wtd_gmean_fie, range_fie, wtd_mean_atomic_radius, wtd_gmean_atomic_radius, range_atomic_radius, wtd_range_atomic_radius, std_atomic_radius, mean_Density, gmean_Density, entropy_Density, wtd_entropy_Density, range_Density, std_Density, mean_ElectronAffinity, wtd_gmean_ElectronAffinity, wtd_entropy_ElectronAffinity, std_ElectronAffinity, mean_FusionHeat, wtd_mean_FusionHeat, wtd_entropy_FusionHeat, range_FusionHeat, wtd_range_FusionHeat, mean_ThermalConductivity, wtd_mean_ThermalConductivity, wtd_entropy_ThermalConductivity, range_ThermalConductivity, wtd_range_ThermalConductivity, wtd_mean_Valence, gmean_Valence, wtd_gmean_Valence, wtd_entropy_Valence, std_Valence, wtd_std_Valence",1.0,1.0,1.0,1,1.5,92,27,0.4938271604938271,,2,2
"[69.612675333333,138.30607133333302], [1.946401985714303,153.8641129857143], [0.6455906589683064,1.2605678341658235], [0.28996284906457137,1.1515723322593086], [32.9327021,184.7525979], [18.41338605,86.25805635], [24.578447694587897,77.1086916945879], [22.6267752875058,83.2385952875058], [656.5049378881985,948.2636335403735], [517.181341372326,798.4613413723259], [139.7525,805.0474999999999], [369.5377391304345,745.0942608695656], [62.12285714285699,207.122857142857], [99.969265820836,222.469265820836], [71.202936576936,176.202936576936], [0.4206007965769707,1.620098791563109], [0.4931188651507604,1.1594307310705934], [94.72,225.28], [-17.85591469140921,162.2673432628378], [42.962494664532294,90.31749466453229], [-3461.6398628571405,10995.04557714286], [807.3985306198701,7809.85554061987], [381.3877667584352,6028.716205609404], [0.23158016106471369,1.3217691852550304], [-515.37133,9875.37133], [-3527.6644571428596,8138.09874285714], [63.373571428571,209.44357142857103], [0.5500691531913675,1.1864526044720005], [38.368244428571,189.268898428571], [-18.29938,25.70738], [-13.747191762279002,19.781768237721003], [0.24171488365246196,1.2725420945919401], [-33.59786,43.93786], [-15.806881956547777,20.36945566632418], [-62.7467853,80.2167853], [-115.93642305179695,122.45636182698827], [-0.03222702538481004,0.677487920407834], [-131.24634695000003,156.83634695], [-99.2544,109.49440000000001], [-60.857759485784875,73.5215252474099], [2.8333333333333304,5.83333333333333], [0.768740374914226,1.3470704744931141], 3.0","mean_atomic_mass, wtd_mean_atomic_mass, entropy_atomic_mass, wtd_entropy_atomic_mass, range_atomic_mass, wtd_range_atomic_mass, std_atomic_mass, wtd_std_atomic_mass, wtd_mean_fie, gmean_fie, range_fie, wtd_range_fie, wtd_mean_atomic_radius, gmean_atomic_radius, wtd_gmean_atomic_radius, entropy_atomic_radius, wtd_entropy_atomic_radius, range_atomic_radius, wtd_range_atomic_radius, std_atomic_radius, wtd_mean_Density, gmean_Density, wtd_gmean_Density, wtd_entropy_Density, range_Density, wtd_range_Density, wtd_mean_ElectronAffinity, entropy_ElectronAffinity, wtd_range_ElectronAffinity, wtd_mean_FusionHeat, wtd_gmean_FusionHeat, wtd_entropy_FusionHeat, range_FusionHeat, wtd_std_FusionHeat, mean_ThermalConductivity, gmean_ThermalConductivity, wtd_entropy_ThermalConductivity, range_ThermalConductivity, wtd_range_ThermalConductivity, wtd_std_ThermalConductivity, mean_Valence, entropy_Valence, range_Valence",0.0,1.0,1.0,1,1.5,52,28,0.5308641975308642,,2,2
"2.0, [1.8623010000000022,137.228699], [0.1081191540732519,1.1793697173205402], [15.280717899999996,71.4332821], [-22.9949162,67.46464420000001], [-3.0713265000000014,46.4283265], [400.909314990156,916.589314990156], [330.2846984914983,987.2291315712275], [0.17326973954611025,1.2129354685771658], [-169.15264877030972,171.05258796933697], [101.66008376659099,279.160083766591], [-50.64,110.64], [-20.2275,50.2275], [1781.885785,9236.114215], [-2601.8330513193596,13436.05235868064], [0.324740438880882,1.0282872049368539], [-2852.542765,6860.542765], [-392.1686850000001,2396.168685], [-2902.1315663653522,4906.067437339272], [-35.824000000000005,87.524], [-54.846973972966914,94.46902602703312], [-0.10921537274490772,1.0398103031784578], [-0.08278936653015156,1.0062204761241276], [-41.535,108.535], [-14.754206999999994,48.667806999999996], [-29.675169358872466,63.175169358872466], [-4.239740000000001,43.95814], [-17.3795303420254,57.0128496579746], [-21.79894,26.398940000000003], [-13.049625,15.349625000000001], [-109.74936149999998,154.75736149999997], [-71.27338496058485,116.26227247739286], [0.2762360644347307,1.1095644288724253], [-123.6925093,125.6925093], [-141.8312,143.1912], [2.17,5.83], [0.3290134141584227,1.0572809469614672], [0.43964915929273585,0.9465812011444701], 0.0, [-2.030699,2.094699]","number_of_elements, mean_atomic_mass, entropy_atomic_mass, range_atomic_mass, wtd_range_atomic_mass, std_atomic_mass, gmean_fie, wtd_gmean_fie, wtd_entropy_fie, wtd_std_fie, gmean_atomic_radius, range_atomic_radius, std_atomic_radius, mean_Density, gmean_Density, entropy_Density, range_Density, std_Density, wtd_std_Density, mean_ElectronAffinity, wtd_gmean_ElectronAffinity, entropy_ElectronAffinity, wtd_entropy_ElectronAffinity, range_ElectronAffinity, wtd_range_ElectronAffinity, std_ElectronAffinity, wtd_mean_FusionHeat, gmean_FusionHeat, range_FusionHeat, std_FusionHeat, wtd_mean_ThermalConductivity, gmean_ThermalConductivity, entropy_ThermalConductivity, range_ThermalConductivity, wtd_range_ThermalConductivity, mean_Valence, entropy_Valence, wtd_entropy_Valence, range_Valence, wtd_range_Valence",0.0,1.0,1.0,1,1.0,57,57,0.4938271604938271,,2,2
"[0.6931642245407467,1.6652249208206933], [0.4219023739894505,1.4597501605649295], [-20.23676005,105.17308505], [33.5364432270994,100.2094452270994], [607.024,907.0559999999999], [519.0396739130424,1044.2053260869575], [527.90427451555,940.4482745155499], [406.97854187273197,1102.00671020346], [0.7288798175052662,2.115100789546674], [42.35713768115909,467.98786231884094], [102.25613619727677,308.29592746213325], [45.55000000000001,215.55], [53.870945129343994,198.870945129344], [0.895409599069075,2.159166415215185], [-29.27923349986869,129.22923349986868], [38.50458894204135,79.30368750745085], [-1205.15701,12799.757010000001], [-3405.768951658789,13309.77358834121], [0.792209513639502,2.121131182856338], [2385.62867,12776.37133], [2188.6248833260825,4791.357884560957], [16.531886056814002,117.15788605681401], [0.6788120976124709,1.8683459257425294], [62.635000000000005,191.765], [-32.435412,107.530412], [-4.235045530740649,98.38901305203005], [0.7183553469190095,2.0000338059368308], [0.5965250467075129,1.767125438791327], [26.531897245728537,43.06965158761286], [-42.87202339999999,176.8720234], [-54.37380865752824,148.67155139831524], [0.7331895641019841,1.571943590947836], [-28.478130043690832,129.36420440482362], [1.1800000000000002,5.619999999999999], [1.6050000000000002,4.545], [2.4053422231992103,4.08534222319921], [1.7504485163994499,4.21044851639945], [1.253785419785589,1.8749547859999507], [1.104320903146986,1.825724193474454], [-1.0828160000000002,2.8328160000000002], [0.1348039027185599,1.90480390271856]","entropy_atomic_mass, wtd_entropy_atomic_mass, wtd_range_atomic_mass, wtd_std_atomic_mass, mean_fie, wtd_mean_fie, gmean_fie, wtd_gmean_fie, wtd_entropy_fie, wtd_range_fie, wtd_std_fie, wtd_mean_atomic_radius, gmean_atomic_radius, entropy_atomic_radius, wtd_range_atomic_radius, wtd_std_atomic_radius, wtd_mean_Density, gmean_Density, entropy_Density, range_Density, wtd_std_Density, gmean_ElectronAffinity, wtd_entropy_ElectronAffinity, range_ElectronAffinity, wtd_range_ElectronAffinity, std_ElectronAffinity, entropy_FusionHeat, wtd_entropy_FusionHeat, wtd_std_FusionHeat, wtd_mean_ThermalConductivity, wtd_gmean_ThermalConductivity, wtd_entropy_ThermalConductivity, wtd_std_ThermalConductivity, mean_Valence, wtd_mean_Valence, gmean_Valence, wtd_gmean_Valence, entropy_Valence, wtd_entropy_Valence, wtd_range_Valence, std_Valence",0.0,1.0,1.0,1,1.0,61,61,0.5061728395061729,,2,2
"[-5.364194348902501,139.23428269955173], [-12.377539550836083,84.92164936541667], [62.51651199999999,187.29998799999998], [36.8496849904717,72.2065799904717], [735.20974120083,1279.82597308489], [666.6553178417294,1199.8276113557126], [0.813348001758109,1.8059252250632312], [532.1225,1040.8775], [219.11827821440602,418.98705791749], [232.20379747824435,486.1598192698116], [47.385714285714,187.38571428571402], [93.542493259005,173.542493259005], [0.610624667066475,1.562498761237665], [122.2,275.8], [1.031129705174641,1.695590539783059], [0.44435442900578387,1.227927790142574], [5796.17106,12120.97094], [-113.90035005591471,7590.1893335993145], [4.530428571428985,222.012428571429], [-3.9721094937790014,168.06589050622102], [-14.531679260689998,222.42632073931], [0.9381454132237128,2.104848407238207], [0.42894182792769187,1.2163797141546322], [-6.596473155863968,87.88281887271856], [13.600983470939688,66.0145006142711], [-11.905650000000003,24.766650000000006], [-32.73258571428572,40.612014285714295], [-20.423503551397992,22.53547644860201], [0.48898236118236793,1.362564743334468], [-26.41375,52.16975], [-21.86167857142857,25.36882142857143], [-8.58124176301121,17.752608236988788], [-12.078807385322104,21.513506121630424], [-125.34930393099312,126.57734650866452], [-87.39073142857139,201.6460685714286], [113.912586016895,225.705384016895], [1.2899999999999998,4.71], [0.976237399112106,1.6830852985974138], [0.4301935792534356,1.7365184563329046], [-0.0414920970947491,1.8485079029052511]","gmean_atomic_mass, wtd_gmean_atomic_mass, range_atomic_mass, wtd_std_atomic_mass, wtd_mean_fie, wtd_gmean_fie, entropy_fie, range_fie, std_fie, wtd_std_fie, wtd_mean_atomic_radius, gmean_atomic_radius, wtd_entropy_atomic_radius, range_atomic_radius, entropy_Density, wtd_entropy_Density, range_Density, wtd_std_Density, wtd_mean_ElectronAffinity, gmean_ElectronAffinity, wtd_gmean_ElectronAffinity, entropy_ElectronAffinity, wtd_entropy_ElectronAffinity, std_ElectronAffinity, wtd_std_ElectronAffinity, mean_FusionHeat, wtd_mean_FusionHeat, wtd_gmean_FusionHeat, wtd_entropy_FusionHeat, range_FusionHeat, wtd_range_FusionHeat, std_FusionHeat, wtd_std_FusionHeat, wtd_gmean_ThermalConductivity, wtd_range_ThermalConductivity, std_ThermalConductivity, mean_Valence, entropy_Valence, wtd_entropy_Valence, wtd_std_Valence",0.0,1.0,1.0,1,7.0,95,76,0.4938271604938271,,2,2
"[76.13537099999999,130.686009], [17.457257768350466,135.57995732905954], [0.6605825375908396,1.8746686275470603], [134.7487112,251.2132888], [40.61807333572129,92.1381203357213], [41.1742656967336,108.8574646967336], [603.24,931.4000000000001], [607.2047222222209,1278.2497222222232], [409.806644773863,1037.998644773863], [492.9875,1080.0125], [359.8987439613518,760.4923671497581], [200.9143345163372,474.0368485185888], [45.805555555556,193.305555555556], [105.028768390999,175.028768390999], [37.67497542320589,157.6749754232059], [1.0087864364456993,2.017772976267161], [-42.8770809594766,101.221525403921], [44.60408977801261,94.2690897780126], [37.2081489086458,104.2352394089614], [2665.7715699999994,8538.80003], [-3805.3933446668766,4100.86646972448], [1.0515493567483274,1.5401234998427524], [6164.39964,13392.74236], [-1471.1007111111098,5707.830488888891], [565.7253427313344,7853.377746188985], [-30.98400000000001,196.23600000000002], [10.961611111110983,189.491611111111], [-28.21081790455611,166.5491820954439], [1.059587701871669,1.7136484712434308], [-12.762203645122646,114.04469266938884], [-33.60252777777778,44.98097222222222], [0.9347826902041872,1.8299232012642528], [-9.082421896788837,19.34184337832484], [-8.53671,190.947342], [-63.2471163776021,79.78855454966906], [0.17257557677512847,0.9629399482260275], [240.88297709999998,559.0638629], [-45.8913688888889,134.7566311111111], [0.7288888888888896,4.7488888888888905], [1.235468478645446,1.813798578224334], [0.7781618757406024,1.9869998216947378], 3.0, [-0.9473774444444442,2.758488555555556], [0.45491106406734994,2.07491106406735], [0.7477046504065701,1.76770465040657]","mean_atomic_mass, gmean_atomic_mass, wtd_entropy_atomic_mass, range_atomic_mass, std_atomic_mass, wtd_std_atomic_mass, mean_fie, wtd_mean_fie, gmean_fie, range_fie, wtd_range_fie, wtd_std_fie, wtd_mean_atomic_radius, gmean_atomic_radius, wtd_gmean_atomic_radius, wtd_entropy_atomic_radius, wtd_range_atomic_radius, std_atomic_radius, wtd_std_atomic_radius, mean_Density, wtd_gmean_Density, entropy_Density, range_Density, wtd_range_Density, wtd_std_Density, mean_ElectronAffinity, wtd_mean_ElectronAffinity, wtd_gmean_ElectronAffinity, entropy_ElectronAffinity, wtd_std_ElectronAffinity, wtd_mean_FusionHeat, entropy_FusionHeat, wtd_std_FusionHeat, mean_ThermalConductivity, gmean_ThermalConductivity, wtd_entropy_ThermalConductivity, range_ThermalConductivity, wtd_range_ThermalConductivity, wtd_mean_Valence, entropy_Valence, wtd_entropy_Valence, range_Valence, wtd_range_Valence, std_Valence, wtd_std_Valence",0.0,1.0,1.0,1,1.0,8,8,0.5555555555555556,,1,1
"3.0, [151.4709318,262.8772532], [140.92716476605187,273.4196773328641], [-22.203201203236162,23.25566379676384], [389.88863382094405,943.072633820944], [573.3720910333755,849.4791716031166], [0.3612794407801705,1.8285675100138297], [-20.587741670553655,134.31056259933644], [110.025,197.525], [0.2946546092619938,1.9011251382612864], [-0.21933101085138534,0.6754306376695334], [-30.520000000000003,56.52], [81.48309229555602,203.96690770444397], [7601.71435,14378.28565], [3273.4827267825995,18633.7110067826], [4307.865548739499,18313.240077089904], [0.567691121530711,1.623011270614669], [-5497.171285,9637.171285], [4471.2768,16585.7232], [-36.019000000000005,136.019], [-47.46566194701011,121.32633805298991], [-0.06540098219731122,0.6717749112917393], [-13.504999999999995,157.505], [-9.026027279400637,70.79268495164324], [-29.0787598143609,41.122500185639105], [-8.24314289426989,17.95135710573011], [-27.916124999999997,36.769124999999995], [-51.25563157133965,98.13718028603245], [-35.598461528085956,103.52521110276976], [2.3248676411688596,5.50486764116886], [2.55355135161308,5.43355135161308], [-0.187600398585162,0.650787209092706], 2.0, [2.431443,5.018557], [-0.06850341907227397,1.701496580927726]","number_of_elements, wtd_mean_atomic_mass, wtd_gmean_atomic_mass, wtd_std_atomic_mass, gmean_fie, wtd_gmean_fie, entropy_fie, std_fie, wtd_mean_atomic_radius, entropy_atomic_radius, wtd_entropy_atomic_radius, range_atomic_radius, wtd_range_atomic_radius, mean_Density, gmean_Density, wtd_gmean_Density, entropy_Density, range_Density, wtd_range_Density, mean_ElectronAffinity, wtd_gmean_ElectronAffinity, wtd_entropy_ElectronAffinity, range_ElectronAffinity, std_ElectronAffinity, gmean_FusionHeat, wtd_gmean_FusionHeat, wtd_range_FusionHeat, gmean_ThermalConductivity, wtd_gmean_ThermalConductivity, gmean_Valence, wtd_gmean_Valence, wtd_entropy_Valence, range_Valence, wtd_range_Valence, std_Valence",0.0,1.0,1.0,1,1.0,10,10,0.4320987654320987,,1,1
"3.0, [-16.996865900000003,53.898065900000006], [-32.750583644118414,79.26232111172641], [0.48627968441483005,1.3988264605143719], [6.899993299999998,67.21200669999999], [-37.743699116666676,42.43636578333333], [409.8679067369103,1123.9379426931378], [0.6530810992127098,1.5377694938977102], [-301.13,585.9300000000001], [-64.15355205626365,180.68570308001426], [61.716666666666995,159.21666666666698], [50.456775808326995,210.456775808327], [51.88,126.12], [-2.9602845091736043,76.7347154908264], [9.554748931956837,59.096511475668365], [-147.79041833332985,5951.12375166667], [-3643.8369287202604,9005.76283127974], [-2030.0461191727354,7005.679382988816], [0.4378737345859971,1.357720723746577], [-5362.88556,10900.885559999999], [-93.70500000000001,147.10500000000002], [-39.454599,76.454599], [-21.346870428652103,43.8112620048531], [-9.824520000000003,61.42452], [2.9899266666666975,72.14340666666669], [-6.0830389983625,46.3059610016375], [14.147683439455896,47.6766434394559], [21.392179999999996,61.20782], [-1.570757645844786,37.18960409294659], [14.808552366666703,124.5247809666667], [-70.38239244520544,161.65325150347883], [-21.0904429,297.09044289999997], [-97.3869333333333,155.52026666666669], [27.360274370875295,100.45556537087529], [2.10449914061482,3.6644991406148204], [1.4644946264880399,4.284494626488041], [0.40408911206626724,1.2814714921942687], 2.0, [0.4462869999999999,2.7537130000000003]","number_of_elements, wtd_mean_atomic_mass, gmean_atomic_mass, entropy_atomic_mass, range_atomic_mass, wtd_range_atomic_mass, wtd_gmean_fie, entropy_fie, range_fie, std_fie, wtd_mean_atomic_radius, gmean_atomic_radius, range_atomic_radius, std_atomic_radius, wtd_std_atomic_radius, mean_Density, gmean_Density, wtd_gmean_Density, wtd_entropy_Density, range_Density, range_ElectronAffinity, wtd_range_ElectronAffinity, std_ElectronAffinity, mean_FusionHeat, wtd_mean_FusionHeat, gmean_FusionHeat, wtd_gmean_FusionHeat, range_FusionHeat, wtd_std_FusionHeat, mean_ThermalConductivity, gmean_ThermalConductivity, range_ThermalConductivity, wtd_range_ThermalConductivity, std_ThermalConductivity, gmean_Valence, wtd_gmean_Valence, wtd_entropy_Valence, range_Valence, wtd_range_Valence",0.0,1.0,1.0,1,1.0,11,11,0.4814814814814814,,1,1
"[67.650683333333,168.670383333333], [73.30064817357905,147.82768649241095], [0.4762897472595474,1.5872162572937722], [0.4638740247164922,1.5996319798368277], [72.372531,134.764269], [12.153545716679897,75.7959567166799], [542.316,945.4839999999999], [598.0206521739125,889.7793478260875], [526.8908207315851,930.058820731585], [428.5654056299695,1028.3842358332006], [0.5374047118808714,1.6178416459719684], [194.89249999999998,547.1075000000001], [85.416666666667,247.916666666667], [80.3579530772,242.8579530772], [0.4591652661087888,1.6800828681482511], [2.8206744746376984,75.5856744746377], [6741.885785,14196.114215], [2111.2287300000007,18826.771269999997], [2916.2538215327277,16695.73521232909], [0.708910025585741,1.373370860194159], [-5660.80173333333,10716.13506666667], [1605.46689883908,5144.51048383908], [-45.85133333333331,168.3846666666667], [9.330666666666694,113.20266666666672], [-35.370237185994405,81.4857628140056], [-56.4692371859944,102.5847628140056], [0.10683813858053681,1.3466339594484853], [8.814999999999998,193.785], [-36.2162453333333,103.74957866666671], [-2.2920028699777433,88.92938253692955], [15.42117264428337,71.21620702266843], [-10.372300000000006,62.972300000000004], [10.564852987232502,41.998252987232505], [-10.376395148328715,12.363017071762226], [17.45477855,176.54522144999999], [-19.319614212654812,101.0726297873452], [-23.113627799890402,104.8666433745808], [3.2,6.8], [4.03242414866094,5.832424148660939], [3.4324241486609397,6.43242414866094], [0.141496580927726,1.491496580927726]","mean_atomic_mass, wtd_gmean_atomic_mass, entropy_atomic_mass, wtd_entropy_atomic_mass, range_atomic_mass, std_atomic_mass, mean_fie, wtd_mean_fie, gmean_fie, wtd_gmean_fie, wtd_entropy_fie, range_fie, mean_atomic_radius, wtd_gmean_atomic_radius, entropy_atomic_radius, std_atomic_radius, mean_Density, wtd_mean_Density, wtd_gmean_Density, entropy_Density, wtd_range_Density, std_Density, mean_ElectronAffinity, wtd_mean_ElectronAffinity, gmean_ElectronAffinity, wtd_gmean_ElectronAffinity, wtd_entropy_ElectronAffinity, range_ElectronAffinity, wtd_range_ElectronAffinity, std_ElectronAffinity, wtd_std_ElectronAffinity, wtd_mean_FusionHeat, gmean_FusionHeat, wtd_std_FusionHeat, range_ThermalConductivity, std_ThermalConductivity, wtd_std_ThermalConductivity, wtd_mean_Valence, gmean_Valence, wtd_gmean_Valence, wtd_std_Valence",0.0,1.0,1.0,1,1.0,20,20,0.5061728395061729,,1,1
"[75.301794,212.68858600000002], [59.27330643157575,209.98157828489423], [42.905468899999995,161.44977110000002], [34.925658,67.251962], [601.77,929.9300000000001], [374.3398550724625,1055.1101449275375], [487.0895177588811,1030.897517758881], [-0.048608237514139674,1.2764559269372058], [-126.17789855072527,687.5278985507252], [-45.15322503102445,249.65322503102445], [-69.57246320118684,246.67465827510443], [110.0,265.0], [109.0,276.5], [0.03828034486247012,1.344876375115228], [0.2912713835704166,0.7862459125394354], [-63.480000000000004,105.48], [-11.445,32.445], [7668.714425,22351.285575], [4448.714425,19131.285575], [0.20719211626881995,0.9889107452199], [-2187.9532,4317.9532], [2922.415939112208,8231.991261631352], [85.52599999999998,208.874], [62.217999999999996,172.58200000000002], [20.984502116542984,248.204502116543], [32.302969283726,184.864969283726], [0.2839239577479157,1.0881158415541523], [-29.73932,57.73932], [25.39198047240977,93.80801952759023], [22.872217567596664,80.35801056350854], [0.8727299999999971,45.92727], [6.5729820199952975,43.2452820199953], [-2.868125000000001,33.068125], [-11.315975,18.115975], [-8.42521973717838,14.31419248291256], [12.628987000000002,112.371013], [0.29988582051165874,1.0678550975424752], [0.26801898084215847,0.9616040415031515], [-124.8914761,158.8914761], [-18.37326875,35.37326875], [4.27,6.73], [3.7331756969605303,6.73317569696053], [0.04642023894456093,1.331598238008757], [0.013348001833256018,1.183191175337258], 1.0, [0.39706699999999984,4.102933], [-0.526987298107781,1.393012701892219]","mean_atomic_mass, gmean_atomic_mass, range_atomic_mass, std_atomic_mass, mean_fie, wtd_mean_fie, gmean_fie, wtd_entropy_fie, wtd_range_fie, std_fie, wtd_std_fie, mean_atomic_radius, wtd_mean_atomic_radius, entropy_atomic_radius, wtd_entropy_atomic_radius, range_atomic_radius, std_atomic_radius, mean_Density, wtd_mean_Density, entropy_Density, wtd_range_Density, wtd_std_Density, mean_ElectronAffinity, wtd_mean_ElectronAffinity, gmean_ElectronAffinity, wtd_gmean_ElectronAffinity, wtd_entropy_ElectronAffinity, wtd_range_ElectronAffinity, std_ElectronAffinity, wtd_std_ElectronAffinity, mean_FusionHeat, wtd_gmean_FusionHeat, wtd_range_FusionHeat, std_FusionHeat, wtd_std_FusionHeat, mean_ThermalConductivity, entropy_ThermalConductivity, wtd_entropy_ThermalConductivity, range_ThermalConductivity, std_ThermalConductivity, mean_Valence, wtd_gmean_Valence, entropy_Valence, wtd_entropy_Valence, range_Valence, wtd_range_Valence, wtd_std_Valence",0.0,1.0,1.0,1,1.0,21,21,0.5802469135802469,,1,1
"[21.16630200000001,140.369548], [15.931878099999992,137.46604689999998], [10.14956740170338,142.64207996851565], [0.3278135553908188,0.8761104992420152], [-18.712373715907518,32.80767328409248], [429.86000000000007,945.54], [364.01427536231756,1083.6857246376826], [402.608879862804,965.1688798628039], [-0.024455793602478182,1.3996767441831324], [184.55681159420251,647.7431884057975], [-40.40625893881333,165.63353232604314], [86.538205960997,239.038205960997], [52.648258822618004,232.648258822618], [-2.4795819090192808,83.97958190901929], [13.386927347117453,61.95728278212876], [-3021.6355599999997,13242.135559999999], [0.005811194354923277,1.0448976080363188], [-2470.081115,3321.081115], [44.591,151.709], [25.836583236805993,145.93858323680598], [-0.31791779018148825,0.8716160379485702], [17.855000000000004,160.945], [7.234073850734511,82.16592614926549], [-15.012892016853108,53.092807983146905], [-14.700630000000004,55.50063], [4.058624999999999,37.941375], [-0.12700000000000067,20.527], [-3.8282590494039113,21.495177286606452], [-82.85279829999999,159.8527983], [-44.34468659999999,142.8446866], [-80.90181266394907,144.77669035463427], [0.135737902837329,0.920046951719865], [-25.795867200000004,111.7958672], [-29.50200000000001,111.00200000000001], [-39.77105275000001,82.77105275000001], [0.1202033921493873,0.8806014549269887], 1.0, [1.0613259999999998,3.4386740000000002], [-0.44500000000000006,1.445], [-0.6019872981077812,1.468012701892219]","mean_atomic_mass, wtd_mean_atomic_mass, wtd_gmean_atomic_mass, wtd_entropy_atomic_mass, wtd_std_atomic_mass, mean_fie, wtd_mean_fie, gmean_fie, entropy_fie, wtd_range_fie, wtd_std_fie, gmean_atomic_radius, wtd_gmean_atomic_radius, wtd_range_atomic_radius, wtd_std_atomic_radius, wtd_mean_Density, wtd_entropy_Density, std_Density, wtd_mean_ElectronAffinity, wtd_gmean_ElectronAffinity, wtd_entropy_ElectronAffinity, range_ElectronAffinity, std_ElectronAffinity, gmean_FusionHeat, range_FusionHeat, wtd_range_FusionHeat, std_FusionHeat, wtd_std_FusionHeat, mean_ThermalConductivity, wtd_mean_ThermalConductivity, gmean_ThermalConductivity, entropy_ThermalConductivity, range_ThermalConductivity, wtd_range_ThermalConductivity, std_ThermalConductivity, wtd_entropy_Valence, range_Valence, wtd_range_Valence, std_Valence, wtd_std_Valence",0.0,1.0,1.0,1,1.0,23,23,0.4938271604938271,,1,1
"[1.332351640000006,120.53559763999999], [13.410839575437201,75.0328565754372], [766.6200000000001,1329.18], [693.098878575021,1246.282878575021], [640.4123355031359,1068.8543570768722], [0.8364918000981663,2.222712772139574], [734.5050000000001,1543.295], [-163.19319565217452,550.3641956521745], [335.13258943680955,475.0407352289684], [179.6980044280852,452.8205184303368], [34.75,187.25], [60.480000000000004,195.48000000000002], [80.40591300503,145.40591300503002], [1.1886305090766212,1.7241206854097189], [-9.578620825664068,103.29862082566407], [674.6822050000005,7225.367795], [-4624.571257278039,5088.514272721961], [-7558.608513750088,9157.48366524878], [0.4454453764500591,1.7352811142193412], [-3527.94552,7464.79288], [675.8065710849801,5930.75007608498], [-578.6724441164001,6500.76131924246], [3.231280842876501,155.79328084287653], [-37.886033618165904,153.6279663818341], [0.9475587733487164,1.5309102703559634], [268.675,355.925], [9.406301087550204,129.45016293195442], [-19.779980066740695,29.465679933259313], [0.6189730142874466,1.3717048076788654], [-27.482825,41.309425], [-8.796637051704298,29.4132629482957], [-23.49865049999999,94.51204129999999], [-40.84287029278564,44.978532263577044], [-121.75389115723426,133.9328585427168], [0.33369324185260496,1.495044971331477], [-34.96973505000001,192.91657505], [-56.5248465,96.02235350000001], [1.5099999999999998,4.09], [1.0750000000000002,5.335], 4.0","mean_atomic_mass, wtd_std_atomic_mass, mean_fie, gmean_fie, wtd_gmean_fie, wtd_entropy_fie, range_fie, wtd_range_fie, std_fie, wtd_std_fie, mean_atomic_radius, wtd_mean_atomic_radius, wtd_gmean_atomic_radius, entropy_atomic_radius, wtd_range_atomic_radius, mean_Density, gmean_Density, wtd_gmean_Density, entropy_Density, wtd_range_Density, std_Density, wtd_std_Density, gmean_ElectronAffinity, wtd_gmean_ElectronAffinity, entropy_ElectronAffinity, range_ElectronAffinity, wtd_std_ElectronAffinity, wtd_gmean_FusionHeat, entropy_FusionHeat, wtd_range_FusionHeat, std_FusionHeat, wtd_mean_ThermalConductivity, gmean_ThermalConductivity, wtd_gmean_ThermalConductivity, wtd_entropy_ThermalConductivity, range_ThermalConductivity, wtd_range_ThermalConductivity, mean_Valence, wtd_mean_Valence, range_Valence",0.0,1.0,1.0,1,1.0,24,24,0.4938271604938271,,1,1
